{
	"__comment": "Designed by Korbyn with Cubik Studio - https://cubik.studio",
	"textures": {
		"hammer": "item/hammer"
	},
	"elements": [ 	 
		{
			"__comment": "Box1",
			"from": [ 2, 8, 13 ],
			"to": [ 5, 9, 14 ],
			"faces": {
				"down": { "uv": [ 2, 14, 5, 13 ], "texture": "#hammer" },
				"up": { "uv": [ 2, 13, 5, 14 ], "texture": "#hammer" },
				"north": { "uv": [ 5, 13, 2, 14 ], "texture": "#hammer" },
				"south": { "uv": [ 2, 13, 5, 14 ], "texture": "#hammer" },
				"west": { "uv": [ 2, 13, 3, 14 ], "texture": "#hammer", "rotation": 270 },
				"east": { "uv": [ 5, 14, 4, 13 ], "texture": "#hammer", "rotation": 270 }
			}
		},
		{
			"__comment": "Box2",
			"from": [ 2, 8, 14 ],
			"to": [ 4, 9, 15 ],
			"faces": {
				"down": { "uv": [ 2, 15, 4, 14 ], "texture": "#hammer" },
				"up": { "uv": [ 2, 14, 4, 15 ], "texture": "#hammer" },
				"north": { "uv": [ 4, 14, 2, 15 ], "texture": "#hammer" },
				"south": { "uv": [ 2, 14, 4, 15 ], "texture": "#hammer" },
				"west": { "uv": [ 2, 14, 3, 15 ], "texture": "#hammer", "rotation": 270 },
				"east": { "uv": [ 4, 15, 3, 14 ], "texture": "#hammer", "rotation": 270 }
			}
		},
		{
			"__comment": "Box3",
			"from": [ 3, 8, 12 ],
			"to": [ 6, 9, 13 ],
			"faces": {
				"down": { "uv": [ 3, 13, 6, 12 ], "texture": "#hammer" },
				"up": { "uv": [ 3, 12, 6, 13 ], "texture": "#hammer" },
				"north": { "uv": [ 6, 12, 3, 13 ], "texture": "#hammer" },
				"south": { "uv": [ 3, 12, 6, 13 ], "texture": "#hammer" },
				"west": { "uv": [ 3, 12, 4, 13 ], "texture": "#hammer", "rotation": 270 },
				"east": { "uv": [ 6, 13, 5, 12 ], "texture": "#hammer", "rotation": 270 }
			}
		},
		{
			"__comment": "Box4",
			"from": [ 4, 8, 11 ],
			"to": [ 7, 9, 12 ],
			"faces": {
				"down": { "uv": [ 4, 12, 7, 11 ], "texture": "#hammer" },
				"up": { "uv": [ 4, 11, 7, 12 ], "texture": "#hammer" },
				"north": { "uv": [ 7, 11, 4, 12 ], "texture": "#hammer" },
				"south": { "uv": [ 4, 11, 7, 12 ], "texture": "#hammer" },
				"west": { "uv": [ 4, 11, 5, 12 ], "texture": "#hammer", "rotation": 270 },
				"east": { "uv": [ 7, 12, 6, 11 ], "texture": "#hammer", "rotation": 270 }
			}
		},
		{
			"__comment": "Box5",
			"from": [ 5, 8, 5 ],
			"to": [ 13, 9, 7 ],
			"faces": {
				"down": { "uv": [ 5, 7, 13, 5 ], "texture": "#hammer" },
				"up": { "uv": [ 5, 5, 13, 7 ], "texture": "#hammer" },
				"north": { "uv": [ 13, 5, 5, 6 ], "texture": "#hammer" },
				"south": { "uv": [ 5, 6, 13, 7 ], "texture": "#hammer" },
				"west": { "uv": [ 5, 5, 6, 7 ], "texture": "#hammer", "rotation": 270 },
				"east": { "uv": [ 13, 7, 12, 5 ], "texture": "#hammer", "rotation": 270 }
			}
		},
		{
			"__comment": "Box6",
			"from": [ 5, 8, 10 ],
			"to": [ 8, 9, 11 ],
			"faces": {
				"down": { "uv": [ 5, 11, 8, 10 ], "texture": "#hammer" },
				"up": { "uv": [ 5, 10, 8, 11 ], "texture": "#hammer" },
				"north": { "uv": [ 8, 10, 5, 11 ], "texture": "#hammer" },
				"south": { "uv": [ 5, 10, 8, 11 ], "texture": "#hammer" },
				"west": { "uv": [ 5, 10, 6, 11 ], "texture": "#hammer", "rotation": 270 },
				"east": { "uv": [ 8, 11, 7, 10 ], "texture": "#hammer", "rotation": 270 }
			}
		},
		{
			"__comment": "Box7",
			"from": [ 6, 8, 4 ],
			"to": [ 12, 9, 8 ],
			"faces": {
				"down": { "uv": [ 6, 8, 12, 4 ], "texture": "#hammer" },
				"up": { "uv": [ 6, 4, 12, 8 ], "texture": "#hammer" },
				"north": { "uv": [ 12, 4, 6, 5 ], "texture": "#hammer" },
				"south": { "uv": [ 6, 7, 12, 8 ], "texture": "#hammer" },
				"west": { "uv": [ 6, 4, 7, 8 ], "texture": "#hammer", "rotation": 270 },
				"east": { "uv": [ 12, 8, 11, 4 ], "texture": "#hammer", "rotation": 270 }
			}
		},
		{
			"__comment": "Box8",
			"from": [ 6, 8, 9 ],
			"to": [ 14, 9, 10 ],
			"faces": {
				"down": { "uv": [ 6, 10, 14, 9 ], "texture": "#hammer" },
				"up": { "uv": [ 6, 9, 14, 10 ], "texture": "#hammer" },
				"north": { "uv": [ 14, 9, 6, 10 ], "texture": "#hammer" },
				"south": { "uv": [ 6, 9, 14, 10 ], "texture": "#hammer" },
				"west": { "uv": [ 6, 9, 7, 10 ], "texture": "#hammer", "rotation": 270 },
				"east": { "uv": [ 14, 10, 13, 9 ], "texture": "#hammer", "rotation": 270 }
			}
		},
		{
			"__comment": "Box9",
			"from": [ 7, 8, 3 ],
			"to": [ 11, 9, 9 ],
			"faces": {
				"down": { "uv": [ 7, 9, 11, 3 ], "texture": "#hammer" },
				"up": { "uv": [ 7, 3, 11, 9 ], "texture": "#hammer" },
				"north": { "uv": [ 11, 3, 7, 4 ], "texture": "#hammer" },
				"south": { "uv": [ 7, 8, 11, 9 ], "texture": "#hammer" },
				"west": { "uv": [ 7, 3, 8, 9 ], "texture": "#hammer", "rotation": 270 },
				"east": { "uv": [ 11, 9, 10, 3 ], "texture": "#hammer", "rotation": 270 }
			}
		},
		{
			"__comment": "Box10",
			"from": [ 8, 8, 2 ],
			"to": [ 10, 9, 3 ],
			"faces": {
				"down": { "uv": [ 8, 3, 10, 2 ], "texture": "#hammer" },
				"up": { "uv": [ 8, 2, 10, 3 ], "texture": "#hammer" },
				"north": { "uv": [ 10, 2, 8, 3 ], "texture": "#hammer" },
				"south": { "uv": [ 8, 2, 10, 3 ], "texture": "#hammer" },
				"west": { "uv": [ 8, 2, 9, 3 ], "texture": "#hammer", "rotation": 270 },
				"east": { "uv": [ 10, 3, 9, 2 ], "texture": "#hammer", "rotation": 270 }
			}
		},
		{
			"__comment": "Box11",
			"from": [ 9, 8, 10 ],
			"to": [ 13, 9, 11 ],
			"faces": {
				"down": { "uv": [ 9, 11, 13, 10 ], "texture": "#hammer" },
				"up": { "uv": [ 9, 10, 13, 11 ], "texture": "#hammer" },
				"north": { "uv": [ 13, 10, 9, 11 ], "texture": "#hammer" },
				"south": { "uv": [ 9, 10, 13, 11 ], "texture": "#hammer" },
				"west": { "uv": [ 9, 10, 10, 11 ], "texture": "#hammer", "rotation": 270 },
				"east": { "uv": [ 13, 11, 12, 10 ], "texture": "#hammer", "rotation": 270 }
			}
		},
		{
			"__comment": "Box12",
			"from": [ 10, 8, 11 ],
			"to": [ 12, 9, 12 ],
			"faces": {
				"down": { "uv": [ 10, 12, 12, 11 ], "texture": "#hammer" },
				"up": { "uv": [ 10, 11, 12, 12 ], "texture": "#hammer" },
				"north": { "uv": [ 12, 11, 10, 12 ], "texture": "#hammer" },
				"south": { "uv": [ 10, 11, 12, 12 ], "texture": "#hammer" },
				"west": { "uv": [ 10, 11, 11, 12 ], "texture": "#hammer", "rotation": 270 },
				"east": { "uv": [ 12, 12, 11, 11 ], "texture": "#hammer", "rotation": 270 }
			}
		},
		{
			"__comment": "Box13",
			"from": [ 11, 8, 8 ],
			"to": [ 15, 9, 9 ],
			"faces": {
				"down": { "uv": [ 11, 9, 15, 8 ], "texture": "#hammer" },
				"up": { "uv": [ 11, 8, 15, 9 ], "texture": "#hammer" },
				"north": { "uv": [ 15, 8, 11, 9 ], "texture": "#hammer" },
				"south": { "uv": [ 11, 8, 15, 9 ], "texture": "#hammer" },
				"west": { "uv": [ 11, 8, 12, 9 ], "texture": "#hammer", "rotation": 270 },
				"east": { "uv": [ 15, 9, 14, 8 ], "texture": "#hammer", "rotation": 270 }
			}
		},
		{
			"__comment": "Box14",
			"from": [ 12, 8, 7 ],
			"to": [ 15, 9, 8 ],
			"faces": {
				"down": { "uv": [ 12, 8, 15, 7 ], "texture": "#hammer" },
				"up": { "uv": [ 12, 7, 15, 8 ], "texture": "#hammer" },
				"north": { "uv": [ 15, 7, 12, 8 ], "texture": "#hammer" },
				"south": { "uv": [ 12, 7, 15, 8 ], "texture": "#hammer" },
				"west": { "uv": [ 12, 7, 13, 8 ], "texture": "#hammer", "rotation": 270 },
				"east": { "uv": [ 15, 8, 14, 7 ], "texture": "#hammer", "rotation": 270 }
			}
		},
		{
			"__comment": "Box15",
			"from": [ 13, 8, 6 ],
			"to": [ 14, 9, 7 ],
			"faces": {
				"down": { "uv": [ 13, 7, 14, 6 ], "texture": "#hammer" },
				"up": { "uv": [ 13, 6, 14, 7 ], "texture": "#hammer" },
				"north": { "uv": [ 14, 6, 13, 7 ], "texture": "#hammer" },
				"south": { "uv": [ 13, 6, 14, 7 ], "texture": "#hammer" },
				"west": { "uv": [ 13, 6, 14, 7 ], "texture": "#hammer", "rotation": 270 },
				"east": { "uv": [ 14, 7, 13, 6 ], "texture": "#hammer", "rotation": 270 }
			}
		}
	],
	"display": {
		"thirdperson_righthand": {
			"rotation":  [ 135, 0, -90 ],
			"translation":  [ 0, 1.3913, 0 ],
			"scale":  [ 0.5, 0.5, 0.5 ]
		},
		"thirdperson_lefthand": {
			"rotation":  [ 44, 0, -90 ],
			"translation":  [ 0, 1.3913, 0 ],
			"scale":  [ 0.5, 0.5, 0.5 ]
		},
		"firstperson_righthand": {
			"rotation":  [ 19, 1, 83 ],
			"translation":  [ 0.0003, 3.4782, 0 ],
			"scale":  [ 0.5, 0.5, 0.5 ]
		},
		"firstperson_lefthand": {
			"scale":  [ 0.0001, 0.0001, 0.0001 ]
		},
		"gui": {
			"rotation":  [ 89, 0, 0 ]
		},
		"ground": {
			"translation":  [ 0, -1.391, 0 ],
			"scale":  [ 0.5, 0.5, 0.5 ]
		}
	}
}